id,bedrooms_total,baths_total,acres,sq_ft_tot_fn, tax_gross_amount,assessment_value_town,garage_capacity,address,city,garage_type,year_built,total_stories,surveyed,seasonal,water_body_type,water_frontage_length,short_sale,rooms_total,garage,flood_zone,easements,current_use,covenants,common_land_acres,basement_access_type,basement,image,price_closed
1,3,3,1.58,3740,11044,538200,2,591 Church Hill Road,Woodstock,Under,1970,2,Yes,No,,,No,14,Yes,No,,No,Unknown,,Interior,Yes,http://cdnparap140.paragonrels.com/ParagonImages/Property/p14/NEREN/4483708/0/60/45/69420c795e4044c718421fab3017e9d5/0/29cd8eec54c397839fc82aca54411c52/4483708.JPG,495000
2,4,3,5.19,2276,13438,696500,2,354 Grove Hill Rd,Woodstock,Detached,1990,2,Yes,No,,,,9,Yes,No,,,No,,Walkout,No,http://cdnparap140.paragonrels.com/ParagonImages/Property/p14/NEREN/4157608/0/60/45/c29b52941ced6284e1cf03571082eba0/0/f4d1a4ef837907b87f83d123c1c9c0b9/4157608.JPG,540000
3,4,3,0.84,2200,6361,329700,1,4 Prospect,Woodstock,Carport,1800,2,No,No,,,,10,Yes,No,,No,No,,Interior,Yes,http://cdnparap140.paragonrels.com/ParagonImages/Property/p14/NEREN/4178007/0/60/45/1616b6f4240fca8dd556d51255a8e955/0/eb863508974cacb448782630ff1b6263/4178007.JPG,460000
4,3,3,15.4,2926,11829,697600,2,529 Stage Road,Pomfret,Attached,1995,2,Yes,No,Brook,,,7,Yes,No,Yes,No,Yes,,Interior,Yes,http://cdnparap140.paragonrels.com/ParagonImages/Property/p14/NEREN/4117111/0/60/45/9bce8876e4d95aa3d2d0fc10e165c726/0/233884b859e91e17c47eff3a81e18758/4117111.JPG,500000
5,4,5,4,2817,10707,512100,2,283 Laughlin,Woodstock,Detached,1968,1.5,Yes,No,,,No,6,Yes,No,,,Yes,,Interior,Yes,http://cdnparap140.paragonrels.com/ParagonImages/Property/p14/NEREN/4427685/0/60/45/7295d8dbe69b6b1faef37494fdddf3bc/0/f06f83fa31a7703f20bfe181d8d9d10c/4427685.JPG,605914
6,5,3,54.07,4030,,1460710,4,121 Gills Rd,Barnard,Attached,1986,1.75,Yes,No,Pond,,No,12,Yes,No,,Yes,Yes,,Interior,Yes,http://cdnparap140.paragonrels.com/ParagonImages/Property/p14/NEREN/4472397/0/60/45/ee75598775aedaf09136caa8c54098f7/0/a9378b29d56899e67620def3aa5f7aff/4472397.JPG,1000000
7,4,4,23.8,2780,18277,756570,0,633 North Road,Barnard,,1830,2,Yes,No,,,,9,No,No,,,No,,Interior,Yes,http://cdnparap140.paragonrels.com/ParagonImages/Property/p14/NEREN/4320881/0/60/45/ab190f34f53983ed7ef7833392c0a93f/0/0c78ccd18a89ac542976eca5bc24f71d/4320881.JPG,875000
8,3,3,10.33,2200,6708,,1,700 John Darling Road,Woodstock,Attached,1997,2,Yes,No,Brook,,,7,Yes,No,,,No,,Walkout,Yes,http://cdnparap140.paragonrels.com/ParagonImages/Property/p14/NEREN/4606304/0/60/45/97bedb4d609545a6c08d4c86c0497687/0/0fedc7fe248baf0f7c0e2dae01b2d78f/4606304.JPG,300000
9,4,4,0.29,3324,10459,731280,0,50 NORTH RD,Barnard,,1793,2.5,Yes,No,Lake,,,11,No,Unknown,,No,Unknown,,Interior,Yes,http://cdnparap140.paragonrels.com/ParagonImages/Property/p14/NEREN/4192542/0/60/45/75b76b4e93d5b444d52bbd91d9071889/0/b00e18960a2a21477fac325b986ce12e/4192542.JPG,537500
10,5,2,1.3,3732,15047,1140000,1,37 Elm Street,Woodstock,Attached,1801,2.5,No,No,Brook,180,,11,Yes,Yes,,,No,,,Yes,http://cdnparap140.paragonrels.com/ParagonImages/Property/p14/NEREN/4074249/0/60/45/b5e77756f21e902e99eb7b9eb0b83da1/0/5a93000fd86caeba061fa6f5c04fd9b0/4074249.JPG,825000
11,3,3,24.1,2309,13144,681300,3,441 Spruce Way,Woodstock,Attached,1986,2,Yes,No,,,,8,Yes,No,,No,Yes,,,No,http://cdnparap140.paragonrels.com/ParagonImages/Property/p14/NEREN/4155696/0/60/45/8d6e9eeefbcbf2eb2051e6c8736c9526/0/f68e7253873ff815a9b2bbe6c181ff1e/4155696.JPG,680000
12,3,3,5,2940,7297,456000,2,7856 Vermont Rt 12,Barnard,Attached,1988,2,Unknown,No,,,,9,Yes,No,,No,No,,,Yes,http://cdnparap140.paragonrels.com/ParagonImages/Property/p14/NEREN/4064085/0/60/45/d5cf89be5de250506c5f433f8a252d07/0/a26c974dc195ebc2cadcc950faaeac7c/4064085.JPG,322000
13,4,3,163.1,4154,,1356440,3,1510 Wayside Road,Barnard,Attached,1805,2.5,No,No,Pond,,No,12,Yes,Unknown,,No,No,,Walkout,Yes,http://cdnparap140.paragonrels.com/ParagonImages/Property/p14/NEREN/4485692/0/60/45/0c9d133d56db71074eadcfb000785687/0/cecd743c6589452a7ede34f85b6a6656/4485692.JPG,1450000
14,3,2,5.7,1538,7148,370500,0,4300 West Woodstock Road,Woodstock,,1988,2,Yes,No,,,No,10,No,No,,No,No,,Interior,No,http://cdnparap140.paragonrels.com/ParagonImages/Property/p14/NEREN/4453187/0/60/45/d8cc7075bfa78926f2f44244bce1f1b6/0/48dd0772e0de13ab7756a2d4fb2b8199/4453187.JPG,370000
15,4,4,43,3400,10476,916770,3,253 North Road,Barnard,Attached,2008,2,Yes,No,,,,8,Yes,No,Yes,Yes,No,,Walkout,Yes,http://cdnparap140.paragonrels.com/ParagonImages/Property/p14/NEREN/4087012/0/60/45/ebc7d262e414d23fcac11abea78df3ea/0/4c9caccda01e3a94f8db20f9f8502dc9/4087012.JPG,930000
16,6,7,563,4700,36389,832100,2,592 Quinn Road Road,Woodstock,Detached,1930,2,Yes,No,,,No,13,Yes,No,,Yes,No,,Interior,Yes,http://cdnparap140.paragonrels.com/ParagonImages/Property/p14/NEREN/4388407/0/60/45/2ff1029b5326d3e443e86e6477a4061a/0/240fb9999fdfa4fbe9720694aac3b17f/4388407.JPG,2500000
17,4,4,23,3500,15202,834980,2,1162 Galaxy Hill,Pomfret,Detached,1800,1.5,Yes,No,,,No,9,Yes,No,Yes,No,Unknown,,Walkout,Yes,http://cdnparap140.paragonrels.com/ParagonImages/Property/p14/NEREN/4307655/0/60/45/873fc3264d560859b0fb02f63a5201d1/0/9fda08b1283b7765fe9a9b114ffd9014/4307655.JPG,700000
18,2,2,0.13,1600,8100,335200,1,79 Central Street,Woodstock,Carport,1826,2,No,No,,,,6,Yes,No,,,No,,Interior,Yes,http://cdnparap140.paragonrels.com/ParagonImages/Property/p14/NEREN/4142730/0/60/45/a4f23d3dbd8521c55e04221b01ba031a/0/b7bd668071eabeb72553261219c20271/4142730.JPG,334000
19,5,4,18.7,3600,13260,687300,2,3578 Church Hill Road,Woodstock,Attached,1999,2,Yes,No,,,No,10,Yes,No,,,No,,Interior,Yes,http://cdnparap140.paragonrels.com/ParagonImages/Property/p14/NEREN/4359763/0/60/45/e5164159c0823974f6e6d7c41246a0ce/0/98939ddf3d495421e8db381d78f20565/4359763.JPG,540000
20,5,5,9.39,5710,12915,832500,3,4445 South Road,Woodstock,Under,1974,2,Yes,No,Pond,,No,18,Yes,No,,No,Unknown,,Interior,Yes,http://cdnparap140.paragonrels.com/ParagonImages/Property/p14/NEREN/4467518/0/60/45/3506d9e070dd2ebd38321abb623efc24/0/8af9dc17c0e1775d633ebb037133f2fd/4467518.JPG,500000
21,3,2,2.68,1720,5495,316300,1,160 Cowdrey Path,Woodstock,Detached,1968,1,Unknown,No,,,No,6,Yes,No,,No,No,,Interior,Yes,http://cdnparap140.paragonrels.com/ParagonImages/Property/p14/NEREN/4600858/0/60/45/6f3b957d2d60a7edbc554b6b0a38ee73/0/0486652260f82e820fb4eb2d3c471c2a/4600858.JPG,370000
22,3,3,15.4,2926,10766,591330,2,529 Stage Road,Pomfret,Attached,1995,2,Yes,No,Brook,,No,9,Yes,No,Yes,,No,,Interior,Yes,http://cdnparap140.paragonrels.com/ParagonImages/Property/p14/NEREN/4364548/0/60/45/fe485700184e12180a25d9ba6e118400/0/7029f679d218dc4781b0af8b6ccfc656/4364548.JPG,575000
23,3,3,41.5,3213,17153,889100,2,285 English Mills Way,Woodstock,Attached,1986,1.75,Yes,No,,,No,10,Yes,No,,Yes,Yes,,Interior,Yes,http://cdnparap140.paragonrels.com/ParagonImages/Property/p14/NEREN/4462982/0/60/45/76805543b70200ea0a8dfe77aa151b54/0/4a0c0aed2b31791f6fa1d311a365e0c1/4462982.JPG,675000
24,1,1,67.96,1272,,2155650,2,480 Thistle Hill Road,Pomfret,Attached,1998,1,Yes,No,,,No,5,Yes,No,,,Unknown,,Interior,Yes,http://cdnparap140.paragonrels.com/ParagonImages/Property/p14/NEREN/4499848/0/60/45/8ef3f13e194876ea9769d4cbcc66100b/0/0cba88e810caddeb810cf2caa6a5d6e0/4499848.JPG,350000
25,4,4,6,3266,12637,637900,2,1548 Peterkin Hill Rd,Woodstock,Attached,1999,2.5,Yes,No,,,,10,Yes,No,,,Yes,,,Yes,http://cdnparap140.paragonrels.com/ParagonImages/Property/p14/NEREN/4068562/0/60/45/cd0269755a68db2a0716e6871d6d40c4/0/737ff082dc27371f78152afbbc6b497f/4068562.JPG,630000
26,6,5,26.19,5916,45702,1543810,1,1 High Pastures Road,Pomfret,Attached,1818,1.5,Yes,No,Pond,,,15,Yes,No,,Yes,No,,Walkout,Yes,http://cdnparap140.paragonrels.com/ParagonImages/Property/p14/NEREN/4178733/0/60/45/22882fcc62128e1ce8b892a2b8a884b6/0/ac8f976de4cbc2cc7912690415a9203d/4178733.JPG,1800000
27,3,2,0.17,2000,5819,301600,1,16 Lincoln Street,Woodstock,Attached,1979,2.5,Unknown,No,,,No,8,Yes,No,,No,No,,Walkout,Yes,http://cdnparap140.paragonrels.com/ParagonImages/Property/p14/NEREN/4375454/0/60/45/e24eef5bc53220b8ec3cedb703dd330d/0/730e7c51e354cf58d352a713a4cca2bb/4375454.JPG,305000
28,2,2,4.1,1550,7069,338100,0,3827 Hartland Hill Road,Woodstock,,1914,2.5,Yes,No,Pond,,No,9,No,No,Yes,,Yes,,Interior,Yes,http://cdnparap140.paragonrels.com/ParagonImages/Property/p14/NEREN/4394353/0/60/45/5e45413f90cc94530996b354462fb2d1/0/21628abb671fb5931d677b892816d3d9/4394353.JPG,400000
29,3,3,45,2968,11660,708670,3,1000 Old Mt. Hunger Road,Barnard,Attached,1988,2,No,No,,,No,9,Yes,No,,Yes,No,,Interior,Yes,http://cdnparap140.paragonrels.com/ParagonImages/Property/p14/NEREN/4220311/0/60/45/7b2f637b923c0991667436f2c2ae5d18/0/0b84d4327156315499e7d45dc15063a8/4220311.JPG,449000
30,4,3,7,3064,6736,389600,4,2876 Hartland Hill Rd,Woodstock,Attached,1807,1.5,No,No,Pond,,,14,Yes,No,,Yes,No,,Interior,Yes,http://cdnparap140.paragonrels.com/ParagonImages/Property/p14/NEREN/4107754/0/60/45/e021f6dd2668de33978ac1268c4f069e/0/136f75826424da007ad6588ab78ebd91/4107754.JPG,375000
31,3,2,9.88,1800,6953,,0,6603 Dunham Hill,Woodstock,,1910,2,Yes,No,Brook,,No,9,No,Unknown,,No,Unknown,,Walkout,Yes,http://cdnparap140.paragonrels.com/ParagonImages/Property/p14/NEREN/4336867/0/60/45/b564b5ea88c2e4329e62fd2bdd16b5bb/0/c607e7564e3df67b7895806d1b0a0462/4336867.JPG,380000
32,6,8,121.39,5336,38108,2893100,2,826 Fletcher Schoolhouse Road,Woodstock,Detached,1817,3,Yes,No,,,No,15,Yes,No,,No,No,,Interior,Yes,http://cdnparap140.paragonrels.com/ParagonImages/Property/p14/NEREN/4180236/0/60/45/68af920437900fe1e10640e82c6564e7/0/133f2fcca5c0c832424622302bd87126/4180236.JPG,1950000
33,3,2,11.41,2016,8749,453000,2,3480 Hartland Hill Road,Woodstock,Attached,1951,1.5,Yes,No,,,,7,Yes,No,Yes,No,No,,Interior,Yes,http://cdnparap140.paragonrels.com/ParagonImages/Property/p14/NEREN/4235815/0/60/45/deea26162f40146f4e597efa811adf70/0/d5de6a9f56df587be8f758221c1f590e/4235815.JPG,390000
34,2,2,74.89,800,4441,,0,342 Rolling Ridge Drive,Pomfret,,2004,1.5,Yes,Yes,,,,4,No,Unknown,,Yes,No,,,,http://cdnparap140.paragonrels.com/ParagonImages/Property/p14/NEREN/4332787/0/60/45/981db52589d4101952eac1abc67a5104/0/88752286a585a01ca4c629980ff08760/4332787.JPG,850000
35,3,3,5.5,2633,9794,513141,3,2986 Webster Hill Road,Barnard,Attached,1989,1.5,Yes,No,,,No,10,Yes,No,,,No,,Walkout,Yes,http://cdnparap140.paragonrels.com/ParagonImages/Property/p14/NEREN/4476404/0/60/45/979fda9dffbe687b051f214ac2b7ee60/0/167d6164b94661efb6d50d8bf6de06e6/4476404.JPG,330000
36,4,3,0.58,2101,5709,295900,1,6 Linden Hill,Woodstock,Attached,1957,1,Unknown,No,,,,7,Yes,No,,,No,,Walkout,Yes,http://cdnparap140.paragonrels.com/ParagonImages/Property/p14/NEREN/4229582/0/60/45/74665c3bd86eb0def39ef7aaae7a8000/0/4c564686ffb4384e09c0aeecc30eef25/4229582.JPG,338000
37,3,2,11.46,1862,7627,372900,2,3004 Stage Road,Barnard,Attached,1984,2,Yes,No,,,No,7,Yes,No,,No,Yes,,Walk-up,Yes,http://cdnparap140.paragonrels.com/ParagonImages/Property/p14/NEREN/4504956/0/60/45/3749f6b9ffeee16fbb831f4993a5803a/0/f3d874b2927ed1c5756af1c588a5b1f4/4504956.JPG,385000
38,3,4,9.02,4320,12542,657080,2,1523 Royalton Turnpike,Barnard,Attached,2005,2,Yes,No,,,,9,Yes,No,,,Unknown,,,No,http://cdnparap140.paragonrels.com/ParagonImages/Property/p14/NEREN/4190199/0/60/45/b1ae55bdae3ff22e42b37624f764a245/0/1664c068b1bcb9feffd090760349df9e/4190199.JPG,670000
39,5,4,2.84,3284,8792,384300,2,2605 Cox District Rd,Woodstock,Attached,1978,1.5,Unknown,No,,,,12,Yes,No,Yes,,Yes,,,Yes,http://cdnparap140.paragonrels.com/ParagonImages/Property/p14/NEREN/4072273/0/60/45/1fa897ccced572f8fb8a8ea4bc8387d9/0/b22220641967bebf8d29e712c0ff202e/4072273.JPG,372500
40,6,5,13.7,3100,23572,908270,4,501 Galaxy Hill Road,Pomfret,Detached,1850,1.5,Yes,No,,,No,9,Yes,No,,Yes,No,,Interior,Yes,http://cdnparap140.paragonrels.com/ParagonImages/Property/p14/NEREN/4233101/0/60/45/cd3ad5da1b6a1ef1769b3943bccc279a/0/1cfc965e9f46d9abef2a46ee2ab49ee6/4233101.JPG,1562500
41,4,3,55.57,2898,9339,489310,1,7408 Route 12,Barnard,Detached,1850,1.5,Unknown,No,Pond,,No,11,Yes,Unknown,,No,No,,Walk-up,Yes,http://cdnparap140.paragonrels.com/ParagonImages/Property/p14/NEREN/4370869/0/60/45/51cc995808fec095ab8e7188066d993e/0/e41c7f908c5e99e0ea80ab5d735c235c/4370869.JPG,305000
42,4,4,6.71,4603,19463,930900,2,915 Carlton Hill Road,Woodstock,Attached,2008,3,Yes,No,,,No,12,Yes,No,,,No,,Walkout,Yes,http://cdnparap140.paragonrels.com/ParagonImages/Property/p14/NEREN/4432438/0/60/45/fca66b7ac4f3f94c4f126fcc5f712404/0/053b140b212c4cf6fb2569572d7bb8ed/4432438.JPG,924500
43,4,5,0.89,4000,14691,,2,4 Pine St.,Woodstock,Attached,2007,2,Yes,No,,,No,11,Yes,No,,No,No,,Walkout,Yes,http://cdnparap140.paragonrels.com/ParagonImages/Property/p14/NEREN/2778778/0/60/45/66b9a988382fefc85fbf0c5806f0cc65/0/33f89f64ff366781adde49ade11132f0/2778778.JPG,737500
44,3,2,0.2,2136,9567,530000,0,77 Central Street,Woodstock,,1826,1.5,Unknown,No,,,No,10,No,Unknown,,No,No,,Walk-up,Yes,http://cdnparap140.paragonrels.com/ParagonImages/Property/p14/NEREN/4191453/0/60/45/ffa61333ed8b7acfa33dbae72b4d19fe/0/c0d61af1bd846bb1a73c785a3ffe83d3/4191453.JPG,490000
45,3,4,4.2,4312,9367,485500,3,400 Hall Circle,Woodstock,Attached,2001,2,No,No,,,No,12,Yes,No,,,Unknown,,Interior,Yes,http://cdnparap140.paragonrels.com/ParagonImages/Property/p14/NEREN/4338559/0/60/45/910dd740c8352f92149ca27832818777/0/4bf1c0d5d3a818a66ea22498a38c912e/4338559.JPG,445500
46,3,2,3.07,2087,6751,322900,1,2416 Cox District Road,Woodstock,Carport,1972,2,No,No,,,No,9,Yes,No,,No,No,,Interior,Yes,http://cdnparap140.paragonrels.com/ParagonImages/Property/p14/NEREN/4425093/0/60/45/2e887e9a271be2cb8df4321137221577/0/3541190c8566e11c64cfe6faf9f726dd/4425093.JPG,312000
47,3,2,5,1232,6237,,2,2111 Austin Road,Woodstock,Attached,1987,1,Yes,No,,,,6,Yes,No,,No,No,,Walkout,Yes,http://cdnparap140.paragonrels.com/ParagonImages/Property/p14/NEREN/4143005/0/60/45/09d08a7f9858e6ce7e4436ed10edd5da/0/bfc41ba9dfdac6a95115615d38b8b9d7/4143005.JPG,320000
48,3,3,5.06,3531,10372,537600,0,1021 Randall Road,Woodstock,,2000,1.5,Yes,No,Pond,,No,10,No,No,,No,Unknown,,Interior,Yes,http://cdnparap140.paragonrels.com/ParagonImages/Property/p14/NEREN/4168479/0/60/45/66008769db305a919df984d5f2a2a176/0/bed2d6e1450c12d28c38f0bf52657a5e/4168479.JPG,425000
49,4,3,5.52,2404,9446,535500,0,206 Meoki Way,Woodstock,,2011,2,Yes,No,,,No,10,No,No,,,Yes,,Walkout,Yes,http://cdnparap140.paragonrels.com/ParagonImages/Property/p14/NEREN/4507491/0/60/45/92283098421dda10426f7646fc7188a7/0/4ce3ef3f229425dd34aacfacee089db4/4507491.JPG,600000
50,4,3,0.27,2610,7254,333500,2,10 Maple Street,Woodstock,Attached,1900,2.5,Yes,No,,,No,9,Yes,Yes,,No,No,,Walk-up,Yes,http://cdnparap140.paragonrels.com/ParagonImages/Property/p14/NEREN/4500712/0/60/45/05446bede0170c303e9936c82b79ed0b/0/2173206490378045308c989defc67d64/4500712.JPG,425000
51,4,1,47.5,1896,12114,627900,0,63 Brooks Bungalow Road,Woodstock,,1830,2,Yes,No,,,No,9,No,No,Yes,,Yes,,Interior,Yes,http://cdnparap140.paragonrels.com/ParagonImages/Property/p14/NEREN/4449973/0/60/45/37c79740200ef88355f1ea5e04935924/0/c7da8c0426736a2206eb6074581cca0f/4449973.JPG,500000
52,4,4,249.5,4740, -   ,3886250,3,1710 Wild Apple Road,Pomfret,Attached,1992,2.5,Yes,No,,,No,12,Yes,No,Yes,Yes,Yes,,Interior,Yes,http://cdnparap140.paragonrels.com/ParagonImages/Property/p14/NEREN/4380367/0/60/45/65907363f4f77b74b7348f45e1325434/0/02f50b89e4a6f61745a4c1520e01a025/4380367.JPG,3400000
53,3,3,2.8,3046,10434,540800,0,204 Willow Brook Road,Woodstock,,1995,2,Unknown,No,,,,9,No,No,,No,Unknown,,Interior,Yes,http://cdnparap140.paragonrels.com/ParagonImages/Property/p14/NEREN/4171906/0/60/45/dc0efaba8ae7c7017472b66198aaf9a8/0/cb88aff3c544cb2946f1cb175b7c177f/4171906.JPG,435000
54,4,3,0.38,2928,8137,462500,0,5 Stanton Street,Woodstock,,1840,2,Unknown,No,,,No,11,No,No,,No,No,,Interior,Yes,http://cdnparap140.paragonrels.com/ParagonImages/Property/p14/NEREN/4354471/0/60/45/5773eebd6dd19b2355e263cacc2e5825/0/ce79faa285dc01472ccc7a83b053b064/4354471.JPG,409500
55,3,3,10.43,2848,12301,637600,3,1763 Cox District Road,Woodstock,Detached,2007,1.5,Yes,No,,,No,9,Yes,No,,No,No,,,No,http://cdnparap140.paragonrels.com/ParagonImages/Property/p14/NEREN/4421615/0/60/45/3f62f71c53df0dd53b91912a39eed5b1/0/b284a51db3ae7e82d33675fb2bc2fefd/4421615.JPG,922800
56,2,2,5.39,1854,7955,412300,0,314 Meadow Way,Woodstock,,2007,2,Yes,No,,,,6,No,No,Yes,,Yes,,,No,http://cdnparap140.paragonrels.com/ParagonImages/Property/p14/NEREN/4225849/0/60/45/6a217e5c757b5efe9f6be899b07a1848/0/bc057ae63bbd1888fa42c4fac5cb63fc/4225849.JPG,470000
57,4,3,20.69,4309,12317,676550,2,738 Stage Rd,Pomfret,Attached,1780,1.5,Yes,No,Brook,,No,9,Yes,Yes,,,No,,Interior,Yes,http://cdnparap140.paragonrels.com/ParagonImages/Property/p14/NEREN/4424710/0/60/45/866fcacda074233c40bb1f05b7d07493/0/77f2b78d9cc8b18d76eb12ae20274c12/4424710.JPG,520309
58,5,2,0,2344,7243,375400,0,12 Maple Street,Woodstock,,1900,2,Yes,No,,,,8,No,Yes,,No,No,,Walk-up,Yes,http://cdnparap140.paragonrels.com/ParagonImages/Property/p14/NEREN/4149711/0/60/45/8988a052439f70e7e63b178473428e1c/0/90924964744afc5a49c6fc4ba895056c/4149711.JPG,432000
59,4,5,2.61,4050,16923,,2,798 Thomas Hill Rd,Woodstock,Attached,1872,1.5,No,No,,,No,8,Yes,No,,No,No,,,Yes,http://cdnparap140.paragonrels.com/ParagonImages/Property/p14/NEREN/2783993/0/60/45/fbdbc2f5bdcc508c4808b4b31db8fa0b/0/68d33fc4a548171483a591675f41a8d0/2783993.JPG,750000
60,4,3,5,3140,11543,598300,2,273 Tilly Way,Woodstock,Attached,1985,2.5,Yes,No,,,No,11,Yes,No,,No,Yes,,Interior,Yes,http://cdnparap140.paragonrels.com/ParagonImages/Property/p14/NEREN/4431839/0/60/45/a38f50b59b78fea43ec778fcdfccb8d1/0/31a367786619932827a7fef7bf1c1e80/4431839.JPG,459000
61,3,3,2.3,1807,12614,660890,0,134 North Road,Barnard,,1981,2,Unknown,Unknown,Lake,455,,6,No,Unknown,,,No,,Walkout,Yes,http://cdnparap140.paragonrels.com/ParagonImages/Property/p14/NEREN/4165606/0/60/45/d382c489dad64c569798daa50ad88948/0/4b71f23119e1688cace6ebe1d5e2d81a/4165606.JPG,700000
62,4,3,0.39,2734,8080,418800,2,27 Linden Hill,Woodstock,Detached,1870,1.5,Yes,No,,,,8,Yes,No,,,Yes,,Interior,Yes,http://cdnparap140.paragonrels.com/ParagonImages/Property/p14/NEREN/4174428/0/60/45/c7d096c3f46aa2bf297fd779f41e5cea/0/8f758c6511c06661ba79ce4ee31c5b76/4174428.JPG,410000
63,3,2,2.5,2960,7643,373690,2,117 South Perry Road,Barnard,Attached,1850,2,Yes,No,,,No,7,Yes,No,,,Unknown,,Interior,Yes,http://cdnparap140.paragonrels.com/ParagonImages/Property/p14/NEREN/4506839/0/60/45/6b867c67463de14796f46197ae78dbfd/0/97e8023498f334a46987b965ba4a424a/4506839.JPG,315000
64,3,3,0.13,2184,5448,282400,0,10 Lincoln St,Woodstock,,1870,1.5,No,No,,,No,7,No,No,,,No,,Interior,Yes,http://cdnparap140.paragonrels.com/ParagonImages/Property/p14/NEREN/4347716/0/60/45/41f7f6c30eb882b8c871f2988ece63e1/0/fa8dcacfe0c4f80548a40ae25139c15e/4347716.JPG,320000
65,3,2,0.55,2200,7259,347200,2,14 College Hill Rd,Woodstock,Detached,1910,1.5,No,No,,,,8,Yes,No,,,No,,Interior,Yes,http://cdnparap140.paragonrels.com/ParagonImages/Property/p14/NEREN/4314175/0/60/45/9281c0704dbddbd6775fd325942b8a01/0/2fb0c9c979a69dd6d69d9add1354d15a/4314175.JPG,439000
66,3,2,4.65,2100, -   ,393470,2,659 Barber Hill,Pomfret,Detached,1850,1.5,Yes,No,,,No,7,Yes,No,Yes,,Unknown,,Interior,Yes,http://cdnparap140.paragonrels.com/ParagonImages/Property/p14/NEREN/4512941/0/60/45/9434834ba706b84f7fdbd07c96e7e88a/0/0894588a7608d6631564b8fce84f108f/4512941.JPG,300000
67,3,4,0.86,2866,9062,481300,2,27 Gardner Way,Woodstock,Attached,1991,1.5,Yes,No,,,No,9,Yes,No,,No,No,,Walkout,Yes,http://cdnparap140.paragonrels.com/ParagonImages/Property/p14/NEREN/2827215/0/60/45/2f3326abf930a093ab2ef323b2e7b3c8/0/d3f2a8208173d143bbf2cfc9ed5cc15a/2827215.JPG,375000
68,3,2,0.18,2164,7542,390900,2,7 Highland Ave,Woodstock,Attached,2003,1.5,Yes,No,,,No,7,Yes,No,,,No,,Interior,Yes,http://cdnparap140.paragonrels.com/ParagonImages/Property/p14/NEREN/4417390/0/60/45/8c70ec36c912e3812c37cccc3be2bca1/0/768a3de03f4e9e69b968e5f9cac0e527/4417390.JPG,375000
69,1,1,76.61,1118,10137,525400,2,345 Gabert Road,Woodstock,Attached,1850,1.5,Yes,No,Brook,,No,6,Yes,No,,Yes,No,,Interior,Yes,http://cdnparap140.paragonrels.com/ParagonImages/Property/p14/NEREN/4319796/0/60/45/80c9c35ae9c2a97708f3b8f3a5e610f4/0/5d949253ca7998af060fbfe2a6e65d99/4319796.JPG,515000
70,4,4,65,5904,29997,1647620,2,524 Old Farm Road,Pomfret,Attached,2008,2.5,Yes,No,,,,11,Yes,No,,No,Yes,,Interior,Yes,http://cdnparap140.paragonrels.com/ParagonImages/Property/p14/NEREN/4236354/0/60/45/51ef556feddedcbc6d9b12d68e7ae6c2/0/d30e3d2e06db454ead1c40ff28d5493b/4236354.JPG,1725000
71,4,3,0.23,2560,9022,431500,0,4 Church St,Woodstock,,1823,1.5,No,No,,,No,10,No,No,,,No,,Interior,Yes,http://cdnparap140.paragonrels.com/ParagonImages/Property/p14/NEREN/4468172/0/60/45/c0439e4ff4ee5f63283e21957d113054/0/d6d74cd5d44b85f106dc0f33191a1b0f/4468172.JPG,332500
72,4,2,38,2680,30855,1694780,0,263 Barber Hill Road,Pomfret,,1989,2.5,Yes,No,,,No,8,No,No,,Yes,No,,Walkout,Yes,http://cdnparap140.paragonrels.com/ParagonImages/Property/p14/NEREN/4252838/0/60/45/abbc09675ac4a66d8c8b34592b6e34a3/0/fe7a8d7c9cc3cc2773c64f259e2608f3/4252838.JPG,1041900
73,3,3,11,1912,9211,462760,2,635 Bowman Road,Barnard,Detached,1973,1.75,No,No,,,No,6,Yes,No,,No,No,,Interior,Yes,http://cdnparap140.paragonrels.com/ParagonImages/Property/p14/NEREN/4515526/0/60/45/34c015ed3cc36533017ead52376d6208/0/684ef816a72e32ad7af54c21c7ad16af/4515526.JPG,485000
74,2,3,1.09,1336,5844,226200,0,11B College Hill Rd.,Woodstock,,2003,2,Yes,No,River,271,,6,No,No,,,No,,,No,http://cdnparap140.paragonrels.com/ParagonImages/Property/p14/NEREN/4241998/0/60/45/ba9275d8676c13d72c2720075320b195/0/6a11c0f8ce01665e1666f45e2e7bb32a/4241998.JPG,385000
75,4,2,14.23,2334,11927,655090,0,1407 Joe Ranger Road,Pomfret,,2005,2,Yes,No,,,No,9,No,Unknown,,,No,,Interior,Yes,http://cdnparap140.paragonrels.com/ParagonImages/Property/p14/NEREN/4503398/0/60/45/c03d7c392ad8217feac229ab82f8beb6/0/8d699504df295869a2b6339e78e5653c/4503398.JPG,485000
76,3,2,5.17,1426,7882,433400,0,6 Border Lane,Woodstock,,1960,1,Unknown,No,,,,5,No,No,,No,Yes,,Walk-up,Yes,http://cdnparap140.paragonrels.com/ParagonImages/Property/p14/NEREN/4136682/0/60/45/93662a0f26a48a078d114031676a8184/0/da907ecc19ebe67fa7ab5ef896914a6a/4136682.JPG,350000
77,4,2,0.09,2600,9683,669900,0,17 The Green,Woodstock,,1851,2.5,Unknown,No,,,No,9,No,No,,,No,,Walkout,Yes,http://cdnparap140.paragonrels.com/ParagonImages/Property/p14/NEREN/4396407/0/60/45/18aeedcda9b9d4827b4647edca7f164d/0/64970244052ce44e6dc02b2627770c26/4396407.JPG,557500
78,3,2,4.3,1764,4671,312450,2,19 Garnet Hill,Barnard,Attached,1975,2,Yes,No,,,,8,Yes,No,,,No,,,Yes,http://cdnparap140.paragonrels.com/ParagonImages/Property/p14/NEREN/4094479/0/60/45/2884d90b65f0cc3783550905b7753e2d/0/437a05ce9ff999fe7eb90c0e267bd4f2/4094479.JPG,345000
79,4,4,161,5268,25418,1215700,2,205 Britton Lane,Woodstock,Detached,1958,2.5,No,No,Pond,,,9,Yes,No,,Yes,No,,Interior,Yes,http://cdnparap140.paragonrels.com/ParagonImages/Property/p14/NEREN/4208933/0/60/45/a6c1eff22c8942fe56b5812138a7d75a/0/a665f47ad339e3758fe4499f9b9c9683/4208933.JPG,1150000
80,3,4,2.23,3925,16054,1918800,2,186 Rose Hill,Woodstock,Detached,1910,3,Yes,No,Pond,,No,9,Yes,No,,No,No,,Walkout,Yes,http://cdnparap140.paragonrels.com/ParagonImages/Property/p14/NEREN/4351012/0/60/45/4ac36c1dcefa613fc944209ecf0b8be5/0/aa5ccb23fbb270d1f4c5eeae3a9a6504/4351012.JPG,434000
81,3,4,5.1,2610,8271,899,2,899 Noah Wood Road,Woodstock,Attached,1994,2,Yes,No,,,No,9,Yes,No,,,Unknown,,Walkout,Yes,http://cdnparap140.paragonrels.com/ParagonImages/Property/p14/NEREN/4406636/0/60/45/3e186020b2bcf1dabcd55074683d3dca/0/50acd7760b97baad84c402f6614dd5c1/4406636.JPG,392000
82,5,5,172.62,5990,37803,3271300,6,228 Wyman Lane,Woodstock,Detached,1782,2,No,No,Pond,,No,12,Yes,No,,Yes,No,,Walk-up,Yes,http://cdnparap140.paragonrels.com/ParagonImages/Property/p14/NEREN/4204120/0/60/45/4a2a48c721b0a890049f989e74759733/0/af4e5d37d02a1f1fa4b45fc8b6f33151/4204120.JPG,3050000
83,2,2,6.69,2200,12976,672600,1,809 Bryant Road,Woodstock,Attached,1826,2,Yes,No,,,No,7,Yes,No,,,Yes,,Interior,Yes,http://cdnparap140.paragonrels.com/ParagonImages/Property/p14/NEREN/4438403/0/60/45/324466c6b4002df2168a220437d5b7c1/0/e1cd1545bfdae2de6e9ea2c8607c66b2/4438403.JPG,345000
84,3,3,0.73,1350,4480,232200,0,73 South Street Street,Woodstock,,1900,2,Unknown,No,,,No,7,No,No,,,No,,Walkout,Yes,http://cdnparap140.paragonrels.com/ParagonImages/Property/p14/NEREN/4449407/0/60/45/ca07460720e3eaed857e5a0108a6f94f/0/dbbfd0921c848a4b287c749b55bca899/4449407.JPG,306000
85,3,4,26.26,3401,22119,1057900,3,1018 Deer Brook Way,Woodstock,Attached,2009,2,Yes,No,Pond,,No,10,Yes,No,,,Yes,,Interior,Yes,http://cdnparap140.paragonrels.com/ParagonImages/Property/p14/NEREN/4169863/0/60/45/85b3c7bab4b541c91a5878f19a289d17/0/c17cc29f6498eafc8143aaf2aca36932/4169863.JPG,1125000
86,2,4,0.71,3735,9423,355600,1,4903 South Rd,Woodstock,Under,1980,2.5,Yes,No,Brook,170,,7,Yes,Yes,,,No,,Walkout,Yes,,340000
87,6,5,6.1,4000,21510,1114900,2,5142 SOUTH ROAD,Woodstock,Under,1796,2,Yes,No,,,No,13,Yes,No,,No,Unknown,,Interior,Yes,http://cdnparap140.paragonrels.com/ParagonImages/Property/p14/NEREN/4467500/0/60/45/c77d47565a05fb72b173371ac0a1e717/0/e0f344eea1c92548e90c558a074992c4/4467500.JPG,875000
88,4,3,10.1,2403,9814,539050,2,1669 High Pastures Road,Pomfret,Attached,1840,1.5,Yes,No,,,No,7,Yes,No,,,No,,Interior,Yes,http://cdnparap140.paragonrels.com/ParagonImages/Property/p14/NEREN/4449184/0/60/45/d3a274d3f319c9f79f191fb956b7a28d/0/d7123900dc6dc31ae511f8209e0e6220/4449184.JPG,502500
89,4,4,42.15,5200,36669,1991300,2,1316 Peterkin Hill Road,Woodstock,Attached,2010,2,Yes,No,,,No,13,Yes,No,,Yes,No,,Walkout,Yes,http://cdnparap140.paragonrels.com/ParagonImages/Property/p14/NEREN/4605516/0/60/45/266dfca232f24c1b9d7d2b60d60976f8/0/ba30b2144d0926e81b5965e7ab567e7f/4605516.JPG,3000000
90,4,5,7.03,3202,13177,683000,2,628 Deerbrook Way,Woodstock,Attached,2005,2,Yes,No,,,,9,Yes,No,,No,Yes,,Interior,Yes,http://cdnparap140.paragonrels.com/ParagonImages/Property/p14/NEREN/4159732/0/60/45/3526b0bb67b9d1dd2fafc6f50e8d66df/0/2420c35fd7691227d7c47db1edf3c1d3/4159732.JPG,710000
91,4,3,1.01,2836,10339,494500,2,132 Shurtleff Lane,Woodstock,Attached,2003,2,Yes,No,,,,8,Yes,No,,,Unknown,,Interior,Yes,http://cdnparap140.paragonrels.com/ParagonImages/Property/p14/NEREN/4189018/0/60/45/be7273bbcd0e4d97cf1bbbc4eb33a356/0/08537ef36fce4141629f4a45e76c28fa/4189018.JPG,500000
92,3,4,2.37,3200,14297,696500,2,7802 Sawyer,Woodstock,Under,2010,2,Unknown,No,,,No,9,Yes,No,Yes,No,No,,Walkout,Yes,http://cdnparap140.paragonrels.com/ParagonImages/Property/p14/NEREN/2820650/0/60/45/f99d5036f21db54ca632fd0ce73f4c0b/0/787ae71e76b51f02f72f5ea1bee47a44/2820650.JPG,500000
93,3,2,0.68,1900,7353,351700,2,1 Highland Ave Extension,Woodstock,Detached,1960,1,Yes,No,,,No,8,Yes,No,,,Yes,,Interior,Yes,http://cdnparap140.paragonrels.com/ParagonImages/Property/p14/NEREN/4436073/0/60/45/ecf3cff4944bfbbfe8336945d06853aa/0/18b9d51ff5e8ed4fe0e909c03b939f7c/4436073.JPG,445000
94,5,3,5.02,2868,12249,634900,2,938 South Road,Woodstock,Detached,1830,1.5,Yes,No,Pond,,No,11,Yes,No,,No,Unknown,,Interior,Yes,http://cdnparap140.paragonrels.com/ParagonImages/Property/p14/NEREN/4479202/0/60/45/dbf5f38d7d35b061f32e16e666167771/0/39fab67f6da8b2fa65cf97ada28ee317/4479202.JPG,635000
95,3,3,6.02,3370,11581,553900,1,2494 Church Hill Rd,Woodstock,Under,1865,1.5,Yes,No,,,No,10,Yes,No,,,No,,Interior,Yes,http://cdnparap140.paragonrels.com/ParagonImages/Property/p14/NEREN/4248352/0/60/45/4ac408b864bc8d117fbdcee85d05004d/0/4b7ef4bd6c756b6db86ab848ad0882eb/4248352.JPG,460000
96,3,2,82.3,2688,30155,1563000,2,1001 Atwood Lane,Woodstock,Under,2002,3,Yes,No,,,,6,Yes,No,,Yes,No,,,No,http://cdnparap140.paragonrels.com/ParagonImages/Property/p14/NEREN/4250612/0/60/45/a4018778806401a05456b242dcb656cc/0/7815bbfe433947b538efbb12aefc0ca4/4250612.JPG,2825000
97,3,1,64.7,2460,8776,553520,1,10024 VT. RT.12,Barnard,Attached,1800,1.5,No,No,,,,6,Yes,Yes,Yes,No,No,,,Yes,http://cdnparap140.paragonrels.com/ParagonImages/Property/p14/NEREN/2678718/0/60/45/15e2a9ad6f339b930425651c67b273d7/0/88db358e640b84f8245e52601ad9843c/2678718.JPG,332500
98,3,2,4.3,1764,5964,312450,2,19 Garnet Hill,Barnard,Attached,1975,2,Yes,No,,,No,8,Yes,No,,,No,,Interior,Yes,http://cdnparap140.paragonrels.com/ParagonImages/Property/p14/NEREN/4453344/0/60/45/7e6775813a002010bca1f5340622daaa/0/cded77919fad27e0c170f45f6b14d5cf/4453344.JPG,385000
99,3,2,0.24,1782,5748,274900,0,13 High Street,Woodstock,,1890,2,No,No,Brook,,No,7,No,Yes,Yes,No,No,,Walkout,Yes,http://cdnparap140.paragonrels.com/ParagonImages/Property/p14/NEREN/4411472/0/60/45/f13278e40335cf51a760c3de4cf88668/0/3eb5e8cd4e81087a2240519c728b5a56/4411472.JPG,357500
100,4,4,1.06,3184,11391,458600,2,4 Highland Avenue Extension,Woodstock,Attached,1986,4+,Yes,No,,,,11,Yes,No,,,No,,Walkout,No,http://cdnparap140.paragonrels.com/ParagonImages/Property/p14/NEREN/2832300/0/60/45/125db8ca271e08fe0582117f30cbd816/0/66db824153a4069b838f2900c23a19a8/2832300.JPG,459500
101,3,3,0.04,1844,7139,339000,0,32 The Green,Woodstock,,1803,2,No,No,,,No,9,No,No,,No,No,,Interior,Yes,http://cdnparap140.paragonrels.com/ParagonImages/Property/p14/NEREN/4349449/0/60/45/f7f9d18ba03affce3e72085e1f13a0a1/0/047dc820fbcf8862b1d03e61a6bdea93/4349449.JPG,460000
102,4,2,0.2,2048,6199,365900,1,29 HIGH STREET,Woodstock,Under,1880,3,No,No,,,No,8,Yes,No,,No,No,,Interior,Yes,http://cdnparap140.paragonrels.com/ParagonImages/Property/p14/NEREN/4339271/0/60/45/553305555ebe5ef29893dd029a66f69d/0/3be86ffd07f9d6da1aca1756a56adf50/4339271.JPG,345000
103,3,3,7.2,2167,10602,507100,2,136 English Mills Way,Woodstock,Attached,1997,1.5,Yes,No,Brook,,No,7,Yes,No,Yes,No,Yes,,Interior,Yes,http://cdnparap140.paragonrels.com/ParagonImages/Property/p14/NEREN/4319937/0/60/45/0578e557597125a49cec856417b66ebe/0/bff55f49060dec8ed809e24414c74dad/4319937.JPG,370000
104,4,3,20.02,3128,15883,,22,1321 Old River Road,Woodstock,Attached,1971,1,Yes,No,,,No,10,Yes,No,,,No,,Walkout,Yes,http://cdnparap140.paragonrels.com/ParagonImages/Property/p14/NEREN/4462226/0/60/45/cf33aa2e3a02ad00b82a5103cf2241fc/0/8a5cf81a9718ff0af70934ec0c38a747/4462226.JPG,1100000
105,10,9,2.43,8600,43180,,6,000 Mountain Ave,Woodstock,Detached,1851,3,Yes,No,,,,20,Yes,No,,,No,,Interior,Yes,http://cdnparap140.paragonrels.com/ParagonImages/Property/p14/NEREN/4187214/0/60/45/6367722c7b4abe91a2742f853ca66855/0/adde1eb6737cd3470a7ccf091fd42c38/4187214.JPG,2500000
106,4,3,0.67,3084,10727,506800,2,14 Prospect Street,Woodstock,Detached,1880,1.5,Unknown,No,,,No,11,Yes,No,,No,Unknown,,Walkout,Yes,http://cdnparap140.paragonrels.com/ParagonImages/Property/p14/NEREN/4044673/0/60/45/8f9be59b565edd182a2085a0300178b3/0/991c4a786f418970124eb70131c34b2c/4044673.JPG,585000
107,6,6,32.01,5412,27757,1491800,3,587 Old River Rd,Woodstock,Attached,1850,2.5,Yes,No,River,"1,228",No,19,Yes,No,,,Yes,,Interior,Yes,http://cdnparap140.paragonrels.com/ParagonImages/Property/p14/NEREN/4503582/0/60/45/d217eae97d7934ad15722f8f13a2d3bc/0/40ed35ec4fc1e47558314cb920a67594/4503582.JPG,4100000
108,2,2,19.67,936,6892,354150,1,80 VT Route 12,Pomfret,Under,2005,2,Unknown,No,,,No,5,Yes,Unknown,Yes,No,No,,Interior,Yes,http://cdnparap140.paragonrels.com/ParagonImages/Property/p14/NEREN/4246062/0/60/45/bf13187fbe0e62335ba7699d741226ee/0/6530880766d3c89353d95dca9defa675/4246062.JPG,315000
109,3,3,0.2,2150,6741,349400,1,14 High Street,Woodstock,Attached,1790,1.5,Yes,No,,,No,6,Yes,No,,No,No,,Walkout,Yes,http://cdnparap140.paragonrels.com/ParagonImages/Property/p14/NEREN/4151275/0/60/45/758cc50f2ea89e35606bb481e925a14c/0/7476844afcf66008f59040568181e827/4151275.JPG,340000
110,5,3,55,3686,21894,1250200,2,4070 Pomfret Road,Pomfret,Detached,1830,2,Yes,No,,,No,11,Yes,No,,,Yes,,Interior,Yes,http://cdnparap140.paragonrels.com/ParagonImages/Property/p14/NEREN/4367493/0/60/45/0b5bc4877bcb36fe8af537b7215993ea/0/a6fd6937dbde1b85fc35ceac3c0feeea/4367493.JPG,471000
111,4,5,11.6,3793,17275,895400,2,441 Austin Road,Woodstock,Attached,2007,2,Yes,No,,,,10,Yes,No,,No,No,,Interior,Yes,http://cdnparap140.paragonrels.com/ParagonImages/Property/p14/NEREN/4213228/0/60/45/ca8a1614ec17f4a87f9b5519f2e9b300/0/9bbe9118707f2c990389aa66844a6190/4213228.JPG,925000
112,3,4,4.9,4200,22730,846400,2,70 Golf Ave,Woodstock,Attached,1993,1,Yes,No,Pond,,,9,Yes,No,,,Yes,,Walkout,Yes,http://cdnparap140.paragonrels.com/ParagonImages/Property/p14/NEREN/4035282/0/60/45/c7bef77d0290be4d969d5ed607be955e/0/d25ca151caa3d44398f4d1e122484ce2/4035282.JPG,850000
113,5,2,0.43,2444,12906,593400,4,19 River Street,Woodstock,Detached,1900,2,No,No,,,No,10,Yes,No,,,No,,Interior,Yes,http://cdnparap140.paragonrels.com/ParagonImages/Property/p14/NEREN/4511270/0/60/45/ccb0257f54d61dd05b95706b1a835017/0/3c7a6e32c479228b9e02e840b1faa447/4511270.JPG,610000
114,3,3,3.73,2066,8886,425000,2,25 French's Road,Woodstock,Attached,1969,1,Yes,No,,,No,7,Yes,No,,,Yes,,Walkout,Yes,http://cdnparap140.paragonrels.com/ParagonImages/Property/p14/NEREN/4240305/0/60/45/82bd5d7cb02698f524b1eb49c195a9f7/0/45a1ae2048fc28541d308af04b83c3a0/4240305.JPG,435000
115,3,3,1.78,2260,8428,403100,2,100 Laughlin,Woodstock,Detached,1970,1.5,Unknown,No,,,No,7,Yes,No,,,No,,Interior,Yes,http://cdnparap140.paragonrels.com/ParagonImages/Property/p14/NEREN/4445286/0/60/45/7f5cc272d352ba14c5caa046ebf2f8f5/0/4fe8e9e0a9a48f5b833cb381ad23ed8f/4445286.JPG,381000
116,3,3,0.83,1813,7781,393300,2,25.5 Prospect Street,Woodstock,Detached,1989,2,Unknown,No,,,,8,Yes,No,,No,No,,Walkout,Yes,http://cdnparap140.paragonrels.com/ParagonImages/Property/p14/NEREN/4063984/0/60/45/3e84bca6c0ddee4303b7f9e679a5c889/0/f06f2d3490ac60369a93d6a4eb44a08e/4063984.JPG,407000
117,6,6,0.72,5131,24295,1228000,1,29 The Green,Woodstock,Attached,1810,3,No,No,,100,,12,Yes,Unknown,Yes,No,Yes,,,Yes,http://cdnparap140.paragonrels.com/ParagonImages/Property/p14/NEREN/4048376/0/60/45/e3086a7fd4efa1cd8cf7b7bef22c8fca/0/ec2300fa5320fe1dc75a4a8f745b361b/4048376.JPG,2000000
118,3,3,0.18,2500,11288,539900,1,11 Mountain Ave,Woodstock,Attached,1851,2,Yes,No,,,No,8,Yes,No,,,No,,Interior,Yes,http://cdnparap140.paragonrels.com/ParagonImages/Property/p14/NEREN/4493822/0/60/45/cc83ceeb49eb98494313356b99168816/0/bc7b2dc80316888beb881c37d65eedfa/4493822.JPG,1000000
119,4,4,0.43,3090,7627,441200,0,27 Slayton Terrace,Woodstock,,1890,2.5,No,No,,,No,9,No,No,,,No,,Interior,Yes,http://cdnparap140.paragonrels.com/ParagonImages/Property/p14/NEREN/4232072/0/60/45/2fe2670f533b7285f73a5f9f586bc8ee/0/68efcb4b03c6d7339ada93ebb6b05cda/4232072.JPG,360000
120,3,3,51.6,3554,28272,1353000,2,1509 Old River Road,Woodstock,Attached,1920,1.75,Yes,No,,,No,14,Yes,Unknown,,,No,,Interior,Yes,http://cdnparap140.paragonrels.com/ParagonImages/Property/p14/NEREN/4447942/0/60/45/01a3b0693a9728581e19715395b145c5/0/5eb1059ac82c4d2de3d7b19f2f337cd7/4447942.JPG,1820000
121,4,3,14.1,2752,8389,523800,0,334 Sugar Hill Rd,Woodstock,,1980,1,No,No,,,,9,No,No,,,Yes,,Walkout,No,http://cdnparap140.paragonrels.com/ParagonImages/Property/p14/NEREN/4018458/0/60/45/20ed01d0611c25266b3dcf060c785753/0/ea640ce7352d19b5f8b31f7d9b42fb5e/4018458.JPG,530000
122,4,4,1.34,4512,30960,1140000,2,37 Elm St,Woodstock,Attached,1801,2.5,Unknown,No,,,No,11,Yes,No,,,No,,Interior,Yes,http://cdnparap140.paragonrels.com/ParagonImages/Property/p14/NEREN/4613702/0/60/45/2b5175f9e0fae92fe5e8935cb7d8a653/0/5125f4e12c30e3339baf5a38ad0ea1e8/4613702.JPG,1825000
123,4,5,0.52,5062,26447,1180000,6,16 Pleasant Street,Woodstock,Attached,1830,3,Yes,No,Brook,135,No,13,Yes,No,,No,No,,Walkout,Yes,http://cdnparap140.paragonrels.com/ParagonImages/Property/p14/NEREN/4068670/0/60/45/8abe9afb26a3f40cacc78634ee3e11a7/0/4fd39d7bde5174d4d05189e1777b65b3/4068670.JPG,1750000
124,3,3,10,3000,4748,272560,2,467 Caper St,Pomfret,Attached,1968,2,Yes,No,,,No,9,Yes,No,,,No,,Walkout,Yes,http://cdnparap140.paragonrels.com/ParagonImages/Property/p14/NEREN/4446007/0/60/45/8e7dc7430a487d180b49480c48c9f716/0/c3fb67248bf43c14c26da9020dfc0619/4446007.JPG,365000
125,4,3,0.35,2552,13211,644400,2,10 High Street,Woodstock,Detached,1870,3,Unknown,No,,,,12,Yes,No,,,Unknown,,,,http://cdnparap140.paragonrels.com/ParagonImages/Property/p14/NEREN/4602976/0/60/45/4f2a1811bc40e14a65107e9356991764/0/885c675be957b2bb041012533b7c938f/4602976.JPG,550000
126,3,4,5.59,1920,11552,552500,2,3057 Church Hill Road,Woodstock,Detached,1997,2,Yes,No,,,,7,Yes,No,,No,No,,Interior,Yes,http://cdnparap140.paragonrels.com/ParagonImages/Property/p14/NEREN/4257108/0/60/45/28c9b0783db5f0959ce288f859f692eb/0/169b084a5fb0d3d578151a87164172a7/4257108.JPG,665000
127,3,3,1.3,2262,8441,403700,2,2 Highland Avenue Extension,Woodstock,Attached,1987,3,Yes,No,,,No,7,Yes,No,,No,No,,,No,http://cdnparap140.paragonrels.com/ParagonImages/Property/p14/NEREN/4490206/0/60/45/643442b758babe8d0542fcf8cf4daad7/0/75576836cc6174fc543008ef6a388b31/4490206.JPG,370000
128,3,3,,2164,,112500,,230 Labounty,Pomfret,Attached,1975,2,Unknown,No,,,,7,Yes,No,,,No,,,,http://cdnparap140.paragonrels.com/ParagonImages/Property/p14/NEREN/4604690/0/60/45/ad745dfaecb7d83f7704f91716da91e4/0/88e3624fbc8f07f8278f8c03edc8a681/4604690.JPG,330000
129,4,4,43.4,5000,21395,1175150,2,895 Clay Rd,Pomfret,Attached,1980,3,Yes,No,,,No,12,Yes,Unknown,,,Yes,,Interior,Yes,,650000
130,3,2,68.92,1544,16862,874000,0,115 Eastman Road,Woodstock,,1998,1.5,Yes,No,Brook,,No,6,No,No,,Yes,No,,Interior,Yes,,1150000
131,3,3,13.7,2935,11368,770200,2,2558 Hartland Hill Rd,Woodstock,Attached,2002,1.5,No,No,,,No,8,Yes,No,,,Yes,,Walkout,Yes,http://cdnparap140.paragonrels.com/ParagonImages/Property/p14/NEREN/4122361/0/60/45/bcfec6a629b633bc06283c8adcb584a9/0/e677e0a458fac91df0f8fd657a7cb5e9/4122361.JPG,508500
132,2,1,2.32,1332,5453,284000,2,124 Cabot Road,Woodstock,Detached,1965,1,No,No,,,,8,Yes,No,Yes,No,No,,Walkout,Yes,http://cdnparap140.paragonrels.com/ParagonImages/Property/p14/NEREN/4091617/0/60/45/8568a416d52e1bac53e9327dce1d4ac7/0/c35a1b645a99df6b79055a90df499231/4091617.JPG,320000
133,3,3,8.1,1872,6837,337900,0,24 Austin Road,Woodstock,,2005,2,Unknown,No,,,No,6,No,No,,No,No,,,No,http://cdnparap140.paragonrels.com/ParagonImages/Property/p14/NEREN/4364117/0/60/45/a3d5507626314356827b19fd6852611e/0/e94bb9706655a51d50db6cd7d788a582/4364117.JPG,310000
134,3,2,5.62,2256,6411,353600,1,108 Peterkin Hill Road,Woodstock,Detached,2001,1.5,Yes,No,Brook,600,,10,Yes,Unknown,,No,Unknown,,,Yes,http://cdnparap140.paragonrels.com/ParagonImages/Property/p14/NEREN/4098512/0/60/45/68202018c31f2d7cccf74d36ad85d577/0/234736fa7a32fc466fe9be25b5acc152/4098512.JPG,305000
135,6,8,5.5,7783,15867,421700,0,2709 Woodstock Road,Woodstock,,1875,2,Yes,No,River,"1,047",No,11,No,Yes,Yes,No,Yes,,,Yes,http://cdnparap140.paragonrels.com/ParagonImages/Property/p14/NEREN/2831105/0/60/45/0b5745e026af2e73e9d822364ddd120b/0/1373815bf1e9842355bc7b1a559c7c46/2831105.JPG,415000
136,5,3,58.1,4080,18957,1041270,2,3862 Pomfret Road,Pomfret,Detached,1850,2,Yes,No,Pond,,No,10,Yes,No,,Yes,No,,Walk-up,Yes,http://cdnparap140.paragonrels.com/ParagonImages/Property/p14/NEREN/4390725/0/60/45/4907bf8ede9197aafc3452bc3b2c7c20/0/89d16dde631495f23af505112da88265/4390725.JPG,750000
137,4,4,133.3,3800,23815,1367040,2,216 Galaxy Hill Rd,Pomfret,Attached,1986,2.5,Yes,No,,,No,10,Yes,No,,,Yes,,Interior,Yes,http://cdnparap140.paragonrels.com/ParagonImages/Property/p14/NEREN/4361410/0/60/45/23e0f8ba3a8bcc99d38a8d8804b09a49/0/bdc6a0631bd4bb2135a3119abbe04df5/4361410.JPG,1200000
138,3,3,0.75,1765,6392,305700,1,25 Prospect Street,Woodstock,Attached,1820,1.5,No,No,,,,8,Yes,No,,,No,,Walkout,Yes,http://cdnparap140.paragonrels.com/ParagonImages/Property/p14/NEREN/4221619/0/60/45/a1f0a666fbc5721a9084b609de46a561/0/5121d762d7eb9da157a6378e713b94b2/4221619.JPG,329000
139,5,4,88.8,5564, -   ,6575800,2,9501 Sincerbeaux,Woodstock,Detached,1805,2,Yes,No,Pond,,No,11,Yes,No,Yes,Yes,Yes,,Walkout,Yes,http://cdnparap140.paragonrels.com/ParagonImages/Property/p14/NEREN/4008791/0/60/45/15c91d6485b031753ae70976c022bc30/0/9e04b6b0d27b933bbef936ed392a172f/4008791.JPG,3000000
140,4,4,12,4163, -   ,770040,2,5685 Route 12,Barnard,Attached,2007,2,Yes,No,Brook,301,,11,Yes,No,,No,No,,Walkout,Yes,http://cdnparap140.paragonrels.com/ParagonImages/Property/p14/NEREN/4038760/0/60/45/ac31d31a4af4fdd9d255a418b1956f95/0/a9162472df9649c0c77127b3f68d1f56/4038760.JPG,775000
141,5,5,53.9,6648,17519,917830,3,16 Midsomer Meadows Lane,Barnard,Attached,2008,2.5,Yes,No,Brook,,No,15,Yes,No,,No,No,,Interior,Yes,http://cdnparap140.paragonrels.com/ParagonImages/Property/p14/NEREN/4433558/0/60/45/b933fba76f52097ef3bbce01c64c11cd/0/0bb7230c9bf5fbc538de69211c1659c0/4433558.JPG,550000
142,4,5,6.4,4734,23339,1135100,2,1043 Noah Wood Road,Woodstock,Detached,1998,1.5,Yes,No,,,No,12,Yes,No,,,No,,Walkout,Yes,http://cdnparap140.paragonrels.com/ParagonImages/Property/p14/NEREN/4623028/0/60/45/133592fcbfd2c01bcbe1cd54a00e3412/0/0a4730e0841452766196a116b1c150e5/4623028.JPG,1090000
143,5,3,14.1,2962,11850,825200,2,3300 Hartland Hill Road,Woodstock,Attached,1996,2,Yes,No,,,No,9,Yes,No,,No,No,,Walk-up,Yes,http://cdnparap140.paragonrels.com/ParagonImages/Property/p14/NEREN/4255756/0/60/45/9c01b4896c76b6cbbda0afd21eb83cbf/0/5bbea0f8b1f4b842e28e0e4fd5960275/4255756.JPG,610000
144,4,4,4.15,3564,17892,927400,2,15 Hathorn Hill Extension,Woodstock,Attached,2009,2,Unknown,No,,,No,12,Yes,Unknown,,Unknown,No,,Interior,Yes,http://cdnparap140.paragonrels.com/ParagonImages/Property/p14/NEREN/4336558/0/60/45/713a87f66c72f73ccd486e5bd9183699/0/2666d3956c5b435761d87555728790fa/4336558.JPG,1149000
145,5,3,6.2,3328,11797,566300,2,1522 Barnard Road,Woodstock,Attached,1850,2,Yes,No,,,No,10,Yes,Unknown,,No,Unknown,,Interior,Yes,http://cdnparap140.paragonrels.com/ParagonImages/Property/p14/NEREN/4170045/0/60/45/a77bd289b437545301e1679e3f7e41a0/0/f9a1b09e5473b367545024853672c53a/4170045.JPG,590000
146,5,4,0.21,3469,13180,630400,0,4 Pleasant Street,Woodstock,,1850,1.5,Unknown,No,,,No,12,No,Unknown,,No,Unknown,,Interior,Yes,http://cdnparap140.paragonrels.com/ParagonImages/Property/p14/NEREN/4498640/0/60/45/efb2ff7a4cd069a0d7988c237d8a48fe/0/caa1aff4c679b740be14eef76b822122/4498640.JPG,665000
147,7,8,4.69,4506,11442,574100,0,4548 West Woodstock Road,Woodstock,,1820,2,Yes,No,,,No,15,No,Unknown,,No,No,,Interior,Yes,http://cdnparap140.paragonrels.com/ParagonImages/Property/p14/NEREN/4405313/0/60/45/b95fff4b8dda0b9a50aeb67d47209671/0/a9c9f92fd61d58b0f1aa3b93ba81ec51/4405313.JPG,375000
148,4,3,194.05,2230,10150,940800,2,651 Pomfret Rd,Woodstock,Attached,1993,1.5,Yes,No,Brook,,,7,Yes,Yes,,Yes,Yes,,,Yes,http://cdnparap140.paragonrels.com/ParagonImages/Property/p14/NEREN/4095865/0/60/45/a0eef38ba284b22c14c66e7ca30b81af/0/1e2d9fc3917aa24a32448efdbbffb822/4095865.JPG,837500
149,4,3,0.2,3846,11722,575700,0,17 River Street,Woodstock,,1843,3,No,No,,,,10,No,No,,No,No,,,Yes,http://cdnparap140.paragonrels.com/ParagonImages/Property/p14/NEREN/4088088/0/60/45/defc9efd6d412d3bf2d87aefa8658cc5/0/9e233b5b52717e5f0ef1bb165d5497aa/4088088.JPG,550000
150,4,4,54.6,2851,12803,740000,2,1231 North Road,Barnard,Attached,1981,2.5,Unknown,No,,,,8,Yes,No,,No,No,,Walkout,Yes,http://cdnparap140.paragonrels.com/ParagonImages/Property/p14/NEREN/4162601/0/60/45/99e8fd8e5ddb4c3cd2fbb4fbfdd98ad1/0/55db7b34e7a1957f428840b2c167574f/4162601.JPG,810000
151,3,3,1.05,2856,7208,441200,2,15 College Hill Rd,Woodstock,Attached,1971,1.5,Yes,No,River,176,No,10,Yes,No,,,No,,Interior,Yes,http://cdnparap140.paragonrels.com/ParagonImages/Property/p14/NEREN/4358667/0/60/45/53d9901ba8fe4e09813adbcbb0ec2e7c/0/1da7c2e9716f24902baf544ff473fb3c/4358667.JPG,355000
152,4,2,0.3,2536,7703,368400,2,12 Cross,Woodstock,Detached,1903,2,Unknown,No,Brook,100,,9,Yes,No,,No,No,,Interior,Yes,http://cdnparap140.paragonrels.com/ParagonImages/Property/p14/NEREN/4172184/0/60/45/89d316ced9e3ef46f3ffc85bbeecb0a8/0/2504c549975f920f08fee2a0bb556435/4172184.JPG,415000
153,4,3,5.02,2922,11086,698800,3,115 Holt Way,Woodstock,Attached,2003,1.5,Yes,No,,,,6,Yes,No,,No,No,,Interior,Yes,http://cdnparap140.paragonrels.com/ParagonImages/Property/p14/NEREN/4237827/0/60/45/03abd175c9faca73bd828ada021e78ce/0/0f1f6ac6f9e444e1ac6385318fa63425/4237827.JPG,570000
154,6,4,5.43,4700,11372,543900,1,100 Golf Ave,Woodstock,Carport,1957,2,Yes,No,,,No,13,Yes,No,,,Yes,,Interior,Yes,http://cdnparap140.paragonrels.com/ParagonImages/Property/p14/NEREN/4360198/0/60/45/409e374e886f481f7cfe712376105df5/0/4b8d4ea47bdbf881cc6f848db5395277/4360198.JPG,650000
155,3,3,5.49,2100,6615,316400,2,2590 South Road,Woodstock,Detached,1955,1.5,Unknown,No,,,No,6,Yes,No,,No,No,,Walk-up,Yes,http://cdnparap140.paragonrels.com/ParagonImages/Property/p14/NEREN/4354676/0/60/45/bb67aca7e7f186fb0f52e1a8d3c28d71/0/07fd30a1e3b681272760431cb84d95fe/4354676.JPG,335000
156,5,8,855,9500,64460,3341100,2,1152 Noah Wood Road,Woodstock,Attached,1996,2,Yes,No,Pond,,,15,Yes,No,,Yes,No,,,,http://cdnparap140.paragonrels.com/ParagonImages/Property/p14/NEREN/4244791/0/60/45/a24866e7857bd1db74c5dd8a5f8e0632/0/52ef2f9945757a82fdea6d5d11de8dc5/4244791.JPG,3750000
157,5,4,1,3036,7875,682500,0,6 River Street,Woodstock,,1804,1.75,Yes,No,River,,No,10,No,Yes,,,No,,Walkout,Yes,http://cdnparap140.paragonrels.com/ParagonImages/Property/p14/NEREN/4174599/0/60/45/63557ff3bde3bfafe281e6d948400937/0/68747066f5c665714349ba31d333566e/4174599.JPG,525000
158,3,3,2.25,3581,14129,776070,2,2286 Pomfret Road,Pomfret,Attached,1946,1.75,No,No,Brook,,No,9,Yes,No,,No,No,,Walk-up,Yes,http://cdnparap140.paragonrels.com/ParagonImages/Property/p14/NEREN/4239014/0/60/45/aa2e8066d4e8da9bd82012ceeae9b88b/0/f303222898ad26b40ca2ff7eeb5f1d9c/4239014.JPG,512500
159,3,3,0.83,1813,7781,393300,2,25.5 Prospect Street,Woodstock,Detached,1989,2,Unknown,No,,,,8,Yes,No,,No,No,,Walkout,Yes,,407000
160,3,2,21.3,2129,8275,433520,0,790 RHODES HILL ROAD,Barnard,,1970,1.75,Yes,No,,,No,7,No,No,,,Yes,,Walkout,Yes,http://cdnparap140.paragonrels.com/ParagonImages/Property/p14/NEREN/4408855/0/60/45/90c4dd6d926dd02ebbec9e0aaaa33c70/0/18195045fde95aa2ca389d3940449f09/4408855.JPG,335000
161,4,5,10.24,5600,17851,917600,2,199 Meadow Way,Woodstock,Attached,2005,1.5,Yes,No,Pond,0,No,11,Yes,No,,,No,,,Yes,http://cdnparap140.paragonrels.com/ParagonImages/Property/p14/NEREN/4064062/0/60/45/9c440b81bbce6723db6cffc96b645bb0/0/7a923bf2668658d1ba2435a3f62d5bad/4064062.JPG,910000
162,3,2,47.9,1280,9314,,1,7315 Hartland Hill,Woodstock,Detached,1920,1.75,No,No,,,,7,Yes,No,,No,No,,,Yes,http://cdnparap140.paragonrels.com/ParagonImages/Property/p14/NEREN/2799636/0/60/45/a025daf6dae5c88c2ee93e01c5a4d711/0/4525f291586c6806eef3f73d1e4a4310/2799636.JPG,390000
163,3,2,0.1,1174,8292,434420,2,219 The Grove,Barnard,Detached,1920,2,No,Yes,Lake,165,,6,Yes,Unknown,,,No,,,No,http://cdnparap140.paragonrels.com/ParagonImages/Property/p14/NEREN/4154532/0/60/45/0aa97f20c2ba384dbf698963f4f00fcc/0/ee8e6aeebd07235a0999857f55c777a7/4154532.JPG,470000
164,3,3,20.04,2492,7735,397600,0,1584 Fletcher Schoolhouse Road,Woodstock,,1991,1.5,Yes,No,,,No,10,No,No,,No,Unknown,,Walkout,Yes,http://cdnparap140.paragonrels.com/ParagonImages/Property/p14/NEREN/4070101/0/60/45/9208f7c62a5059b76d404edc079c75b0/0/ce3dea30dc90253cd4ac9c0fc330d8e7/4070101.JPG,421000
165,5,3,0.79,2568,8999,430400,2,7 Slayton Terrace,Woodstock,Detached,1830,1.5,Yes,No,,,No,12,Yes,No,,,No,,Interior,Yes,http://cdnparap140.paragonrels.com/ParagonImages/Property/p14/NEREN/4370565/0/60/45/adb9256f3550d8c299707e945c8dd13d/0/6ceadffee68a9d75e7909243d633c271/4370565.JPG,340000
166,3,3,2.77,2160,5396,279700,1,917 Carlton Hill Road,Woodstock,Under,1960,1,Unknown,No,,,No,7,Yes,Unknown,,No,No,,Walkout,Yes,http://cdnparap140.paragonrels.com/ParagonImages/Property/p14/NEREN/4472681/0/60/45/2418d1119edde3cf6190fef96c3a4a8e/0/333fe204a4c81c5a9831ffacf2666af8/4472681.JPG,317500
167,4,4,10.86,3960,17171,890000,3,739 Westerdale Rd,Woodstock,Attached,2003,1.5,Yes,No,Brook,,No,11,Yes,No,,,No,,Interior,Yes,http://cdnparap140.paragonrels.com/ParagonImages/Property/p14/NEREN/4336454/0/60/45/e46d64522846b27d006bf255ea614527/0/f14f9b116a2a6627cfaa9a712feed905/4336454.JPG,835000
168,3,3,0.25,2851,9735,504600,1,3 River Street,Woodstock,Detached,1870,2,Unknown,No,,,No,10,Yes,No,,,No,,Interior,Yes,http://cdnparap140.paragonrels.com/ParagonImages/Property/p14/NEREN/4361684/0/60/45/5752357279ed38e97661d442c3dcf1d7/0/20d6edcef1444f5149821b69892f1970/4361684.JPG,550000
169,5,4,12.95,3538,19038,907100,3,1138 Peterkin Hill Rd,Woodstock,Attached,2011,2,Yes,No,,,No,11,Yes,No,,,Yes,,Interior,Yes,http://cdnparap140.paragonrels.com/ParagonImages/Property/p14/NEREN/4465142/0/60/45/9548d06ce2187345517dd69ba15b3170/0/380c5f93fc0a96152099b5e4c8bc7c88/4465142.JPG,830000
170,3,4,181,3919, -   ,3726200,2,7500 Happy Valley Road,Woodstock,Attached,2000,1.5,Yes,No,,,,10,Yes,No,Yes,Yes,Yes,,Walkout,Yes,http://cdnparap140.paragonrels.com/ParagonImages/Property/p14/NEREN/4046810/0/60/45/67222cc7a49fedfd835173d7f9c0037e/0/ae1b33099482119140970c97326059fb/4046810.JPG,4150000
171,3,3,13.4,1934,9668,694800,2,1370 Westerdale,Woodstock,Attached,1988,2,Yes,No,,,No,5,Yes,No,,No,No,,Interior,Yes,http://cdnparap140.paragonrels.com/ParagonImages/Property/p14/NEREN/4238776/0/60/45/f1afb2329b5ea006248a256450e39e55/0/1009da8c7838e8254e1a627a2860e9ec/4238776.JPG,465000
172,5,2,0.2,3196,6619,311500,0,24 High Street,Woodstock,,1840,2.5,Unknown,No,,,No,9,No,No,,No,No,,Interior,Yes,http://cdnparap140.paragonrels.com/ParagonImages/Property/p14/NEREN/4606107/0/60/45/577ffd194cc5697a779645f84ce96f42/0/49955c17318c2292074b0a6fac8a5754/4606107.JPG,305000
173,6,5,56,3348,14962,1024540,0,166 Old Mt. Hunger Road,Barnard,,1810,2,No,No,Pond,100,No,11,No,No,Yes,Yes,Unknown,,Interior,Yes,http://cdnparap140.paragonrels.com/ParagonImages/Property/p14/NEREN/4252497/0/60/45/1fd396f4a73da23476019597770a9b7b/0/7ec28338d1255ce43aeded608bfa1588/4252497.JPG,935000
174,5,3,8.23,3406,12778,669440,2,2028 North Road,Barnard,Detached,1794,2.5,Yes,No,,,,13,Yes,No,Yes,No,Yes,,Walkout,No,http://cdnparap140.paragonrels.com/ParagonImages/Property/p14/NEREN/4227946/0/60/45/b1e0ec018dcf1c9dbb15c7fbd599af0a/0/10d81b16649bf66a8cf46a5644be7fa2/4227946.JPG,384000
175,5,5,2.64,4832,16299,844800,5,1059 Carlton Hill Road,Woodstock,Attached,2006,2,Unknown,No,,,No,14,Yes,No,,,No,,,No,http://cdnparap140.paragonrels.com/ParagonImages/Property/p14/NEREN/4375510/0/60/45/3c316c2ad7d785a43f7fcfc0ecd70942/0/e2b1daef60336d23c9fd0e91feba6fdf/4375510.JPG,1022000
176,2,1,78,1400,6039,455540,0,149 Sayer Road,Barnard,,1963,1.5,Yes,Unknown,,,,4,No,No,,Yes,No,,,No,http://cdnparap140.paragonrels.com/ParagonImages/Property/p14/NEREN/2777937/0/60/45/a6a7303ce621b7f580fcfa2a80c9a520/0/4fed8662340184437ef0459c792b4540/2777937.JPG,500000
177,3,3,13.4,1820,6358,310860,2,2762 Route 12,Barnard,Detached,1996,2,Yes,No,,,No,6,Yes,No,,,No,,Interior,Yes,http://cdnparap140.paragonrels.com/ParagonImages/Property/p14/NEREN/4424405/0/60/45/eca095d6578f239ca066f1c8b5d32d69/0/5e750acabe12adcedce7bcecf590a00a/4424405.JPG,315000
178,4,3,5.02,2868,12191,634900,2,938 South Road,Woodstock,Detached,1830,1.5,Yes,No,Pond,,,9,Yes,No,,No,No,,,Yes,http://cdnparap140.paragonrels.com/ParagonImages/Property/p14/NEREN/4001556/0/60/45/122e3233313557a023e9fca61805b883/0/fa697935b92d9108287fe9ec62dc88f7/4001556.JPG,550000
179,3,2,0.15,1790,7625,399510,1,291 The Grove Rd,Barnard,Detached,1894,2,Yes,No,Lake,,No,6,Yes,No,,,Unknown,,,No,http://cdnparap140.paragonrels.com/ParagonImages/Property/p14/NEREN/4486054/0/60/45/6e98980b534a7d9756fb544f2c87ebf5/0/a3a9f48326ddbf68bd10909eaa1877ff/4486054.JPG,410000
180,4,3,5.26,2800,9582,526000,2,2000 High Pastures Road,Pomfret,Attached,1815,2,Unknown,No,,,No,10,Yes,No,,,No,,Walk-up,Yes,http://cdnparap140.paragonrels.com/ParagonImages/Property/p14/NEREN/4356803/0/60/45/eab82ca470a8b8a67e18da8fe509d40d/0/ff43a53d319c979c4ad6bf108b0ef969/4356803.JPG,340000
181,6,4,146.09,3656,18710,1027680,2,2458 Webster Hill Road,Pomfret,Detached,1781,2,Yes,No,Pond,,No,17,Yes,Unknown,,Yes,Unknown,,Walk-up,Yes,http://cdnparap140.paragonrels.com/ParagonImages/Property/p14/NEREN/4230489/0/60/45/ab820733dfdfb1130eca507acd8bbf57/0/4b9c7cd2434e59103a61298b0dafc416/4230489.JPG,1000000
182,4,3,2.16,4940,9454,481470,2,316 Bennett Rd,Barnard,Attached,2003,2,Yes,No,Pond,,No,12,Yes,No,,,No,,Walkout,Yes,http://cdnparap140.paragonrels.com/ParagonImages/Property/p14/NEREN/4514760/0/60/45/a9439b49468acd5d75c7f066dfa7c8ea/0/48d590616ac5be2b9af91185e197b464/4514760.JPG,393900
183,3,4,25.12,2980,9850,481570,2,1537 Vermont Route 12,Barnard,Under,1985,1.5,Yes,No,Pond,,,9,Yes,No,,No,Yes,,Walkout,Yes,http://cdnparap140.paragonrels.com/ParagonImages/Property/p14/NEREN/4192684/0/60/45/42749ce6ea221c1ab86987083ad67101/0/51492c24934db253484880d64335d6e9/4192684.JPG,485000
184,4,4,11.68,3200,13084,,2,4304 High Pastures Road,Woodstock,Attached,1995,1.75,Yes,No,Pond,,No,10,Yes,Unknown,,,No,,Interior,Yes,http://cdnparap140.paragonrels.com/ParagonImages/Property/p14/NEREN/4375421/0/60/45/7a5156cbbf2f47c9196bc538aa5f5cb8/0/eba4db9950b069ac4010110e0d0baf0b/4375421.JPG,875000
185,7,8,54.26,8760,54614,2861310,3,5893 Stage Road,Barnard,Attached,2006,3,Yes,No,Pond,,No,20,Yes,No,Yes,Yes,No,,Walk-up,Yes,http://cdnparap140.paragonrels.com/ParagonImages/Property/p14/NEREN/4409519/0/60/45/4863c71449293f0486ebb13fc184646d/0/22dc0ea2c718e8327c2f7ba60f810b8d/4409519.JPG,2650000
186,4,4,58.7,3298,17022,1211000,2,12101 Long Hill Rd.,Woodstock,Attached,1965,2,Yes,No,,,,6,Yes,No,,No,No,,,No,http://cdnparap140.paragonrels.com/ParagonImages/Property/p14/NEREN/4192765/0/60/45/ef95baa0266083bbb3ecb215568f4bd0/0/da6460de2579ec8cb48dd4f8b330bdb0/4192765.JPG,815000
187,3,3,0.34,1950,14452,430300,0,42 River St.,Woodstock,,1895,2,Yes,No,River,295,,7,No,Yes,,,No,,Interior,Yes,http://cdnparap140.paragonrels.com/ParagonImages/Property/p14/NEREN/4255949/0/60/45/3d4d501601ecb1b7624268fa86faec1d/0/f3fa4de1a2ccc86aa807ba4cba718531/4255949.JPG,405000
188,4,3,0.56,2470,8319,427700,1,11 Linden Hill,Woodstock,Detached,1890,2,Unknown,No,,,,7,Yes,No,,No,No,,,Yes,http://cdnparap140.paragonrels.com/ParagonImages/Property/p14/NEREN/4076559/0/60/45/faaca0230e4596be6c1f1eecf19e1bcb/0/5cd8ed74facfe76f571d672dbbd0be87/4076559.JPG,352500
189,3,2,1.2,1380,,,2,27003 Churchill Road,Woodstock,Detached,1952,1.5,Yes,No,,,No,6,Yes,No,,No,No,,Interior,Yes,http://cdnparap140.paragonrels.com/ParagonImages/Property/p14/NEREN/4602701/0/60/45/93abde341903bc6ad1fb73436efdac13/0/9d0fa037d6485e51ba69aed946313a30/4602701.JPG,335000
190,2,2,0.07,1292,4731,245200,0,5 Ford Street,Woodstock,,,1.5,Unknown,No,,,No,6,No,Unknown,,No,No,,Interior,Yes,http://cdnparap140.paragonrels.com/ParagonImages/Property/p14/NEREN/4494250/0/60/45/fe7c6dcec0681655298d0cb3b08acedb/0/bafbb1824b0dbf20191ed11a895da26d/4494250.JPG,314600
191,4,4,2.8,4344,15101,782700,2,64 Town Farm Road,Woodstock,Detached,1998,2,Yes,No,,,No,12,Yes,No,,No,No,,Walkout,Yes,http://cdnparap140.paragonrels.com/ParagonImages/Property/p14/NEREN/4358520/0/60/45/e1e863e096b3c2903c88712fec331633/0/f15a93f7f21b99604278fe909507da3d/4358520.JPG,975000
192,1,2,0,1730,5720,296500,0,17 Pleasant Street,Woodstock,,1900,3,Unknown,No,,,No,5,No,Unknown,,,Yes,,Interior,Yes,http://cdnparap140.paragonrels.com/ParagonImages/Property/p14/NEREN/4471148/0/60/45/7bb6ec9b7347a56b7733b055cd16c560/0/760eb2b359990672988ee3e6c1251715/4471148.JPG,365000
193,3,2,5.27,2164,8060,414400,3,506 Westerdale Road,Woodstock,Detached,1987,1.5,Yes,No,Pond,,No,7,Yes,No,,No,Unknown,,Interior,Yes,http://cdnparap140.paragonrels.com/ParagonImages/Property/p14/NEREN/4508791/0/60/45/963bf9fa7feebc9c8b2347bdcddd8428/0/18a3988fe8c4422cc1fdecdaf2efbda3/4508791.JPG,370000
194,3,3,10.12,3200,7057,365800,2,115 Oak Ridge Way,Woodstock,Detached,1980,2,Yes,No,,,No,9,Yes,No,,,Yes,,Walk-up,Yes,http://cdnparap140.paragonrels.com/ParagonImages/Property/p14/NEREN/4452034/0/60/45/d072d45439534687fc0cb3081e9801b8/0/52f6560abd2cb5ae84f7e76196bffb55/4452034.JPG,560000
195,3,3,4.96,2100,6950,397100,3,3897 Hartland Hill Road,Woodstock,Detached,1905,2,Yes,No,Stream,,,9,Yes,No,,No,No,,,Yes,http://cdnparap140.paragonrels.com/ParagonImages/Property/p14/NEREN/4090645/0/60/45/1d2003b8af56f235c2dfec5889d764ab/0/07ee36f36d72607c5117ffb53c7b474b/4090645.JPG,360000
196,3,2,1.13,2156,7184,324600,2,918 College Hill Road,Woodstock,Attached,2000,2,Yes,No,,,No,8,Yes,No,,,No,,Interior,Yes,http://cdnparap140.paragonrels.com/ParagonImages/Property/p14/NEREN/4470231/0/60/45/226952677803aa57803b74ca7008b1b4/0/2709aaacb84d9b3f7a2fc015a43ff21b/4470231.JPG,400000
197,3,3,13.75,2443,10407,539400,3,76 Grove Hill Rd.,Woodstock,Detached,1983,1.5,Yes,No,,,,9,Yes,No,,,Yes,,Interior,Yes,http://cdnparap140.paragonrels.com/ParagonImages/Property/p14/NEREN/4255965/0/60/45/12c1e85d1fabd9dc68f360dbdc761aaa/0/c48432c82627634866506f0d101ad224/4255965.JPG,610000
198,2,3,1.04,1614,6404,323700,0,39A Elm St,Woodstock,,1820,2.5,Yes,No,,,,5,No,No,,,No,,,Yes,http://cdnparap140.paragonrels.com/ParagonImages/Property/p14/NEREN/4067635/0/60/45/e5f57c0300d8dcc89a9ceb1597ac9e41/0/9efef3ea6c4682b348a1b7fa2c20ed3e/4067635.JPG,425000
199,3,3,0.39,2410,8181,391300,2,16 Prospect Street,Woodstock,Under,1998,1.5,Yes,No,,,No,8,Yes,No,,,No,,Interior,Yes,http://cdnparap140.paragonrels.com/ParagonImages/Property/p14/NEREN/4337053/0/60/45/c1c241a9c9fc6ddedb9bbc35cc12f3ab/0/011c82f8578b0c044dca0bd9f1c833a9/4337053.JPG,385000
200,3,3,8.32,3739,21020,40600,2,3 Border Lane,Woodstock,Attached,1961,1,Yes,No,,,No,10,Yes,No,,No,Unknown,,Interior,Yes,http://cdnparap140.paragonrels.com/ParagonImages/Property/p14/NEREN/4208614/0/60/45/87a999673c1ad4a532be34ba8cbb0f1d/0/cd8e6512811346f06e454f3572223c0f/4208614.JPG,1400000
201,3,2,23.19,3589,7409,384000,1,1014 Noah Wood Rd,Woodstock,Detached,1992,1.5,Yes,No,,,,6,Yes,No,,,No,,Interior,Yes,http://cdnparap140.paragonrels.com/ParagonImages/Property/p14/NEREN/4252714/0/60/45/89bbd7c462940445255676580e458feb/0/18ba2f3e8516512ff5bb470d893db1bd/4252714.JPG,410000
202,3,3,5.01,2214,7573,362200,2,164 Juniper Way,Woodstock,Attached,1974,2,Yes,No,,,No,6,Yes,No,,,No,,Interior,Yes,http://cdnparap140.paragonrels.com/ParagonImages/Property/p14/NEREN/4351897/0/60/45/47870d9525cb7283b4e8f8daca75bfcc/0/e8482964ed9d0927b17c00e88dc2f94f/4351897.JPG,490000
203,3,4,0.64,2322,6722,,2,9 Shurtleff Lane,Woodstock,Attached,1993,2,Yes,No,,,No,8,Yes,No,,,Yes,,Interior,Yes,http://cdnparap140.paragonrels.com/ParagonImages/Property/p14/NEREN/4511366/0/60/45/b35a1913de33bfd049674cddfe1a835d/0/360ec77ab88380b01aec320717a41059/4511366.JPG,403000
204,5,3,,3120,,926710,3,17 Totman Hill,Pomfret,Detached,1863,2,Yes,No,,,,10,Yes,No,,,Yes,,,,http://cdnparap140.paragonrels.com/ParagonImages/Property/p14/NEREN/4603090/0/60/45/702d2ef1c6781a64d7977ce38fd4ada6/0/d5f24f60731f0bef59a1d4e528df8da8/4603090.JPG,1450000
205,3,1,11.72,3000,,1634670,4,762 Royalton Turnpike,Barnard,Detached,1973,2.5,Yes,No,Pond,,No,9,Yes,No,,No,Yes,,Interior,Yes,http://cdnparap140.paragonrels.com/ParagonImages/Property/p14/NEREN/4489247/0/60/45/4deee368026e2de9b60416b9d05ed0a7/0/af8370734152a03642cc2225b4526af3/4489247.JPG,549000
206,3,3,2.8,3046,10434,540800,0,204 Willow Brook Road,Woodstock,,1995,2,Yes,No,,,No,9,No,No,,No,Yes,,Interior,Yes,http://cdnparap140.paragonrels.com/ParagonImages/Property/p14/NEREN/4487933/0/60/45/fca76afdbfeeeb853ddff0186dbf3e1d/0/e474060492d640bafcd656ffc2cb15eb/4487933.JPG,493000